Time,Price,Volume,Amount,SP1,SP2,SP3,SP4,SP5,SV1,SV2,SV3,SV4,SV5,BP1,BP2,BP3,BP4,BP5,BV1,BV2,BV3,BV4,BV5,isBuy
2020-01-02 09:15:09,3.4,0.000,0.000,3.4,0,0,0,0,10,88,0,0,0,3.4,0,0,0,0,10,0,0,0,0,1
2020-01-02 09:18:18,3.36,0.000,0.000,3.36,0,0,0,0,200,0,0,0,0,3.36,0,0,0,0,200,24,0,0,0,0
2020-01-02 09:18:27,3.4,0.000,0.000,3.4,0,0,0,0,10,88,0,0,0,3.4,0,0,0,0,10,0,0,0,0,1
2020-01-02 09:19:12,3.4,0.000,0.000,3.4,0,0,0,0,48,50,0,0,0,3.4,0,0,0,0,48,0,0,0,0,1
2020-01-02 09:22:06,3.4,0.000,0.000,3.4,0,0,0,0,48,150,0,0,0,3.4,0,0,0,0,48,0,0,0,0,1
2020-01-02 09:23:27,3.4,0.000,0.000,3.4,0,0,0,0,68,130,0,0,0,3.4,0,0,0,0,68,0,0,0,0,1
2020-01-02 09:24:13,3.4,0.000,0.000,3.4,0,0,0,0,117,81,0,0,0,3.4,0,0,0,0,117,0,0,0,0,1
2020-01-02 09:24:31,3.4,0.000,0.000,3.4,0,0,0,0,117,184,0,0,0,3.4,0,0,0,0,117,0,0,0,0,1
2020-01-02 09:24:58,3.4,0.000,0.000,3.4,0,0,0,0,117,254,0,0,0,3.4,0,0,0,0,117,0,0,0,0,1
2020-01-02 09:25:04,3.4,117.000,39780.000,3.4,3.41,3.43,3.44,3.45,254,1,1484,31,262,3.38,3.37,3.36,3.35,3.34,40,67,405,255,43,1
2020-01-02 09:30:03,3.4,0.000,0.000,3.4,3.41,3.42,3.43,3.44,154,5,21,1484,31,3.39,3.38,3.37,3.36,3.35,8,123,356,408,305,1
2020-01-02 09:30:06,3.4,5.000,1700.000,3.4,3.41,3.42,3.43,3.44,149,5,70,1484,92,3.39,3.38,3.37,3.36,3.35,8,125,377,408,305,1
2020-01-02 09:30:09,3.4,0.000,0.000,3.4,3.41,3.42,3.43,3.44,149,5,70,1484,92,3.39,3.38,3.37,3.36,3.35,8,125,377,408,305,1
2020-01-02 09:30:12,3.4,0.000,0.000,3.4,3.41,3.42,3.43,3.44,156,5,70,1484,92,3.38,3.37,3.36,3.35,3.34,125,427,408,305,191,1
2020-01-02 09:30:15,3.4,3.000,1020.000,3.4,3.41,3.42,3.43,3.44,153,5,70,1484,92,3.38,3.37,3.36,3.35,3.34,125,427,408,305,191,1
2020-01-02 09:30:17,3.4,0.000,0.000,3.4,3.41,3.42,3.43,3.44,153,5,70,1484,92,3.38,3.37,3.36,3.35,3.34,125,427,408,305,191,1
2020-01-02 09:30:21,3.4,0.000,0.000,3.4,3.41,3.42,3.43,3.44,153,5,70,1484,92,3.38,3.37,3.36,3.35,3.34,125,427,409,305,191,1
2020-01-02 09:30:27,3.4,30.000,10200.000,3.4,3.41,3.42,3.43,3.44,123,5,70,1484,92,3.38,3.37,3.36,3.35,3.34,125,427,409,305,191,1
2020-01-02 09:30:39,3.4,0.000,0.000,3.4,3.41,3.42,3.43,3.44,123,5,70,1484,92,3.38,3.37,3.36,3.35,3.34,125,427,409,397,191,1
2020-01-02 09:30:51,3.4,0.000,0.000,3.4,3.41,3.42,3.43,3.44,123,5,70,1484,92,3.38,3.37,3.36,3.35,3.34,115,427,409,397,191,1
2020-01-02 09:30:57,3.4,11.000,3740.000,3.4,3.41,3.42,3.43,3.44,112,5,70,1484,92,3.38,3.37,3.36,3.35,3.34,115,427,409,397,191,1
2020-01-02 09:31:30,3.41,256.000,87161.000,3.42,3.43,3.44,3.45,3.46,70,1484,95,262,59,3.41,3.39,3.38,3.37,3.36,490,25,371,427,409,1
2020-01-02 09:31:48,3.41,9.000,3069.000,3.42,3.43,3.44,3.45,3.46,150,1484,95,262,59,3.41,3.38,3.37,3.36,3.35,481,371,427,409,397,0
2020-01-02 09:32:06,3.41,20.000,6820.000,3.42,3.43,3.44,3.45,3.46,120,1484,95,262,59,3.41,3.38,3.37,3.36,3.35,461,371,427,409,1087,0
2020-01-02 09:32:12,3.42,25.000,8550.000,3.42,3.43,3.44,3.45,3.46,95,1484,95,262,59,3.41,3.4,3.38,3.37,3.36,461,10,371,427,409,1
2020-01-02 09:32:21,3.42,30.000,10260.000,3.42,3.43,3.44,3.45,3.46,65,1514,99,262,59,3.41,3.4,3.38,3.37,3.36,461,10,371,427,409,1
2020-01-02 09:32:48,3.42,20.000,6840.000,3.42,3.43,3.44,3.45,3.46,182,1514,129,262,89,3.41,3.4,3.38,3.37,3.36,461,10,361,416,1098,1
2020-01-02 09:33:36,3.41,70.000,23870.000,3.42,3.43,3.44,3.45,3.46,794,1514,129,265,119,3.41,3.4,3.38,3.37,3.36,391,20,367,416,1098,0
2020-01-02 09:33:39,3.41,10.000,3410.000,3.42,3.43,3.44,3.45,3.46,794,1514,129,265,119,3.41,3.4,3.38,3.37,3.36,381,20,367,416,1098,0
2020-01-02 09:33:45,3.42,41.000,14022.000,3.42,3.43,3.44,3.45,3.46,763,1514,129,265,119,3.41,3.4,3.38,3.37,3.36,381,20,427,416,1098,1
2020-01-02 09:34:06,3.41,6.000,2046.000,3.42,3.43,3.44,3.45,3.46,863,1533,226,265,119,3.41,3.4,3.39,3.38,3.37,376,20,100,427,416,0
2020-01-02 09:34:48,3.41,376.000,128216.000,3.41,3.42,3.43,3.44,3.45,18,1120,1533,226,265,3.4,3.39,3.38,3.37,3.36,20,100,427,416,1098,0
2020-01-02 09:35:00,3.4,20.000,6800.000,3.4,3.41,3.42,3.43,3.44,80,218,1120,1533,226,3.39,3.38,3.37,3.36,3.35,100,427,416,1098,397,0
2020-01-02 09:35:39,3.39,100.000,33900.000,3.39,3.4,3.41,3.42,3.43,228,126,422,1211,1533,3.38,3.37,3.36,3.35,3.34,427,416,409,397,43,0
2020-01-02 09:35:48,3.39,20.000,6780.000,3.39,3.4,3.41,3.42,3.43,208,126,422,1111,1533,3.38,3.37,3.36,3.35,3.34,427,416,409,397,43,1
2020-01-02 09:36:27,3.39,10.000,3390.000,3.39,3.4,3.41,3.42,3.43,400,126,422,911,52,3.38,3.37,3.36,3.35,3.34,477,436,459,397,43,1
2020-01-02 09:36:30,3.38,200.000,67600.000,3.39,3.4,3.41,3.42,3.43,400,126,422,2395,52,3.38,3.37,3.36,3.35,3.34,277,482,459,397,43,0
2020-01-02 09:36:57,3.39,160.000,54240.000,3.39,3.4,3.41,3.42,3.43,240,126,422,2369,52,3.38,3.37,3.36,3.35,3.34,277,752,459,397,43,1
2020-01-02 09:37:33,3.39,20.000,6780.000,3.39,3.4,3.41,3.42,3.43,221,126,422,2369,212,3.38,3.37,3.36,3.35,3.34,487,752,479,417,170,1
2020-01-02 09:37:42,3.39,100.000,33900.000,3.39,3.4,3.41,3.42,3.43,121,126,422,2369,212,3.38,3.37,3.36,3.35,3.34,487,752,479,417,170,1
2020-01-02 09:37:54,3.39,4.000,1356.000,3.39,3.4,3.41,3.42,3.43,117,126,422,2369,212,3.38,3.37,3.36,3.35,3.34,525,752,479,417,170,1
2020-01-02 09:38:06,3.39,40.000,13560.000,3.39,3.4,3.41,3.42,3.43,77,305,422,2369,212,3.38,3.37,3.36,3.35,3.34,525,794,479,417,170,1
2020-01-02 09:38:15,3.39,77.000,26103.000,3.4,3.41,3.42,3.43,3.44,305,422,2369,212,223,3.39,3.38,3.37,3.36,3.35,23,555,811,625,417,1
2020-01-02 09:38:54,3.39,57.000,19323.000,3.4,3.41,3.42,3.43,3.44,305,448,2312,212,223,3.39,3.38,3.37,3.36,3.35,60,570,811,835,717,0
2020-01-02 09:39:21,3.39,38.000,12882.000,3.4,3.41,3.42,3.43,3.44,267,448,2312,212,223,3.39,3.38,3.37,3.36,3.35,220,570,811,845,717,0
2020-01-02 09:39:24,3.39,5.000,1695.000,3.4,3.41,3.42,3.43,3.44,267,448,2312,212,223,3.39,3.38,3.37,3.36,3.35,215,570,811,845,717,0
2020-01-02 09:39:30,3.4,16.000,5440.000,3.4,3.41,3.42,3.43,3.44,206,448,2312,212,223,3.39,3.38,3.37,3.36,3.35,221,570,811,845,717,1
2020-01-02 09:40:39,3.4,7.000,2380.000,3.4,3.41,3.42,3.43,3.44,244,498,2312,212,223,3.39,3.38,3.37,3.36,3.35,353,945,811,845,817,1
2020-01-02 09:40:42,3.39,184.000,62376.000,3.4,3.41,3.42,3.43,3.44,244,498,2312,212,223,3.39,3.38,3.37,3.36,3.35,169,945,811,845,817,0
2020-01-02 09:41:54,3.4,15.000,5100.000,3.4,3.41,3.42,3.43,3.44,468,483,2312,212,223,3.39,3.38,3.37,3.36,3.35,828,1028,811,845,2198,1
2020-01-02 09:42:27,3.39,3.000,1017.000,3.4,3.41,3.42,3.43,3.44,468,483,2312,212,223,3.39,3.38,3.37,3.36,3.35,825,1030,811,845,2198,0
2020-01-02 09:43:09,3.4,20.000,6800.000,3.4,3.41,3.42,3.43,3.44,448,553,2312,212,223,3.39,3.38,3.37,3.36,3.35,836,1030,811,875,2398,1
2020-01-02 09:44:16,3.4,40.000,13600.000,3.4,3.41,3.42,3.43,3.44,320,587,2382,193,223,3.39,3.38,3.37,3.36,3.35,946,1045,811,875,2198,1
2020-01-02 09:45:00,3.4,10.000,3400.000,3.4,3.41,3.42,3.43,3.44,310,606,2392,193,223,3.39,3.38,3.37,3.36,3.35,946,1045,811,875,2198,1
2020-01-02 09:45:18,3.39,2.000,678.000,3.4,3.41,3.42,3.43,3.44,310,636,2392,193,223,3.39,3.38,3.37,3.36,3.35,1004,1045,761,875,2198,0
2020-01-02 09:48:24,3.4,32.000,10880.000,3.4,3.41,3.42,3.43,3.44,278,610,2457,193,223,3.39,3.38,3.37,3.36,3.35,1035,1065,769,925,2228,1
2020-01-02 09:48:27,3.4,378.000,128520.000,3.41,3.42,3.43,3.44,3.45,610,2457,193,223,277,3.4,3.39,3.38,3.37,3.36,210,1035,1065,769,925,1
2020-01-02 09:49:21,3.4,210.000,71400.000,3.4,3.41,3.42,3.43,3.44,1758,610,2447,193,223,3.39,3.38,3.37,3.36,3.35,1065,1065,769,927,2228,0
2020-01-02 09:49:42,3.4,32.000,10880.000,3.4,3.41,3.42,3.43,3.44,1726,620,2447,229,223,3.39,3.38,3.37,3.36,3.35,1065,1065,722,1021,2228,0
2020-01-02 09:49:51,3.39,1065.000,361035.000,3.39,3.41,3.42,3.43,3.44,661,620,2447,229,223,3.38,3.37,3.36,3.35,3.34,1065,722,1021,2228,450,0
2020-01-02 09:50:06,3.38,661.000,223418.000,3.41,3.42,3.43,3.44,3.45,620,2462,229,223,277,3.39,3.38,3.37,3.36,3.35,31,404,722,1021,2228,0
2020-01-02 09:51:03,3.39,60.000,20340.000,3.4,3.41,3.42,3.43,3.44,126,640,2316,229,223,3.39,3.38,3.37,3.36,3.35,42,518,742,1208,2228,1
2020-01-02 09:51:45,3.39,52.000,17628.000,3.39,3.4,3.41,3.42,3.43,48,994,640,2316,229,3.38,3.37,3.36,3.35,3.34,1238,808,1208,2228,450,0
2020-01-02 09:51:48,3.39,48.000,16272.000,3.4,3.41,3.42,3.43,3.44,994,640,2316,229,223,3.39,3.38,3.37,3.36,3.35,92,1238,808,1208,2228,1
2020-01-02 09:52:06,3.38,1335.000,451327.000,3.38,3.4,3.41,3.42,3.43,1056,994,640,2316,229,3.37,3.36,3.35,3.34,3.33,808,1208,2228,450,1686,0
2020-01-02 09:52:12,3.38,48.000,16224.000,3.38,3.4,3.41,3.42,3.43,1008,994,640,2316,229,3.37,3.36,3.35,3.34,3.33,808,1121,2228,450,1686,1
2020-01-02 09:52:18,3.38,7.000,2366.000,3.38,3.4,3.41,3.42,3.43,1001,994,640,2316,229,3.37,3.36,3.35,3.34,3.33,787,1121,2228,450,1686,1
2020-01-02 09:52:27,3.37,277.000,93365.000,3.38,3.4,3.41,3.42,3.43,985,994,658,2316,229,3.37,3.36,3.35,3.34,3.33,1126,1121,2228,450,1686,0
2020-01-02 09:52:30,3.38,17.000,5746.000,3.38,3.4,3.41,3.42,3.43,968,994,658,2316,229,3.37,3.36,3.35,3.34,3.33,1126,1121,2228,450,1686,1
2020-01-02 09:52:42,3.38,55.000,18590.000,3.38,3.4,3.41,3.42,3.43,913,994,648,2316,229,3.37,3.36,3.35,3.34,3.33,1421,1121,847,450,1686,1
2020-01-02 09:52:48,3.38,6.000,2028.000,3.38,3.4,3.41,3.42,3.43,907,994,648,2316,229,3.37,3.36,3.35,3.34,3.33,1426,1121,847,450,1686,1
2020-01-02 09:52:54,3.38,53.000,17914.000,3.38,3.4,3.41,3.42,3.43,854,994,648,2316,229,3.37,3.36,3.35,3.34,3.33,1426,1121,847,450,1686,1
2020-01-02 09:53:18,3.38,50.000,16900.000,3.38,3.4,3.41,3.42,3.43,804,1004,648,2316,229,3.37,3.36,3.35,3.34,3.33,1686,1051,847,520,1686,1
2020-01-02 09:53:54,3.38,49.000,16562.000,3.38,3.4,3.41,3.42,3.43,755,1004,648,2321,229,3.37,3.36,3.35,3.34,3.33,1830,1402,857,820,3076,1
2020-01-02 09:54:06,3.38,10.000,3380.000,3.38,3.4,3.41,3.42,3.43,745,1004,778,2321,229,3.37,3.36,3.35,3.34,3.33,1830,1402,857,829,3076,1
2020-01-02 09:54:21,3.38,10.000,3380.000,3.38,3.39,3.4,3.41,3.42,735,43,1004,778,2321,3.37,3.36,3.35,3.34,3.33,2190,1412,857,829,3076,1
2020-01-02 09:54:27,3.38,30.000,10140.000,3.38,3.39,3.4,3.41,3.42,805,43,1004,778,2321,3.37,3.36,3.35,3.34,3.33,2190,1412,857,829,3076,1
2020-01-02 09:54:30,3.38,10.000,3380.000,3.38,3.39,3.4,3.41,3.42,795,43,1004,778,2321,3.37,3.36,3.35,3.34,3.33,2190,1412,857,829,3076,1
2020-01-02 09:54:36,3.38,45.000,15210.000,3.38,3.39,3.4,3.41,3.42,750,43,1004,778,2321,3.37,3.36,3.35,3.34,3.33,2279,1412,857,829,3076,1
2020-01-02 09:54:39,3.38,60.000,20280.000,3.38,3.39,3.4,3.41,3.42,690,43,1004,778,2321,3.37,3.36,3.35,3.34,3.33,2279,1412,857,829,3076,1
2020-01-02 09:54:57,3.38,20.000,6760.000,3.38,3.39,3.4,3.41,3.42,670,43,1004,778,2321,3.37,3.36,3.35,3.34,3.33,2346,1412,950,829,3076,1
2020-01-02 09:55:00,3.38,10.000,3380.000,3.38,3.39,3.4,3.41,3.42,660,43,1004,778,2321,3.37,3.36,3.35,3.34,3.33,2358,1412,950,829,3076,1
2020-01-02 09:55:09,3.38,481.000,162578.000,3.38,3.39,3.4,3.41,3.42,179,43,1004,778,2321,3.37,3.36,3.35,3.34,3.33,2367,1412,950,829,3076,1
2020-01-02 09:55:12,3.38,2.000,676.000,3.38,3.39,3.4,3.41,3.42,177,43,1004,778,2321,3.37,3.36,3.35,3.34,3.33,2415,1412,950,829,3076,1
2020-01-02 09:55:15,3.38,27.000,9126.000,3.38,3.39,3.4,3.41,3.42,150,43,1004,778,2321,3.37,3.36,3.35,3.34,3.33,2415,1412,950,829,3076,1
2020-01-02 09:55:21,3.38,100.000,33800.000,3.38,3.39,3.4,3.41,3.42,50,43,1004,778,2321,3.37,3.36,3.35,3.34,3.33,2363,1412,950,829,3076,1
2020-01-02 09:55:27,3.38,50.000,16900.000,3.39,3.4,3.41,3.42,3.43,43,1004,778,2321,229,3.38,3.37,3.36,3.35,3.34,83,2363,1412,950,829,1
2020-01-02 09:56:21,3.38,263.000,88894.000,3.38,3.39,3.4,3.41,3.42,37,253,1004,993,2321,3.37,3.36,3.35,3.34,3.33,2343,1412,950,939,3076,0
2020-01-02 09:56:24,3.38,20.000,6760.000,3.38,3.39,3.4,3.41,3.42,54,253,1004,993,2321,3.37,3.36,3.35,3.34,3.33,2346,1412,950,939,3076,1
2020-01-02 09:56:37,3.38,30.000,10140.000,3.38,3.39,3.4,3.41,3.42,24,253,1004,993,2321,3.37,3.36,3.35,3.34,3.33,2346,1412,950,939,3076,1
2020-01-02 09:57:00,3.38,10.000,3380.000,3.38,3.39,3.4,3.41,3.42,14,253,1004,993,2321,3.37,3.36,3.35,3.34,3.33,2617,1412,950,939,3126,1
2020-01-02 09:57:06,3.38,14.000,4732.000,3.39,3.4,3.41,3.42,3.43,253,1004,993,2321,229,3.38,3.37,3.36,3.35,3.34,24,2617,1412,950,939,1
2020-01-02 09:57:45,3.38,2.000,676.000,3.39,3.4,3.41,3.42,3.43,253,1004,993,2321,229,3.38,3.37,3.36,3.35,3.34,63,2726,1412,950,939,0
2020-01-02 09:57:51,3.38,5.000,1690.000,3.39,3.4,3.41,3.42,3.43,253,1004,993,2321,229,3.38,3.37,3.36,3.35,3.34,58,2726,1412,950,939,0
2020-01-02 09:58:30,3.39,61.000,20679.000,3.39,3.4,3.41,3.42,3.43,359,1004,943,2306,229,3.38,3.37,3.36,3.35,3.34,138,2736,1586,950,939,1
2020-01-02 09:59:24,3.39,294.000,99666.000,3.39,3.4,3.41,3.42,3.43,165,1004,943,2306,229,3.38,3.37,3.36,3.35,3.34,726,2666,1586,950,939,1
2020-01-02 09:59:39,3.39,65.000,22035.000,3.4,3.41,3.42,3.43,3.44,1004,943,2306,229,223,3.39,3.38,3.37,3.36,3.35,35,729,2666,1586,950,1
2020-01-02 10:02:33,3.4,1014.000,344760.000,3.41,3.42,3.43,3.44,3.45,943,2306,299,223,527,3.4,3.39,3.38,3.37,3.36,1986,496,1252,2846,1602,1
2020-01-02 10:03:06,3.41,293.000,99913.000,3.41,3.42,3.43,3.44,3.45,699,2356,329,223,527,3.4,3.39,3.38,3.37,3.36,1986,176,1252,2832,1602,1
2020-01-02 10:03:16,3.41,200.000,68200.000,3.41,3.42,3.43,3.44,3.45,500,2356,329,223,527,3.4,3.39,3.38,3.37,3.36,1986,176,1252,2832,1602,1
2020-01-02 10:03:45,3.41,400.000,136400.000,3.41,3.42,3.43,3.44,3.45,99,2256,329,223,527,3.4,3.39,3.38,3.37,3.36,2026,176,1252,2832,1602,1
2020-01-02 10:03:51,3.4,10.000,3400.000,3.41,3.42,3.43,3.44,3.45,99,2256,329,223,527,3.4,3.39,3.38,3.37,3.36,2016,176,1252,2832,1602,0
2020-01-02 10:05:09,3.41,10.000,3410.000,3.41,3.42,3.43,3.44,3.45,414,2256,299,323,527,3.4,3.39,3.38,3.37,3.36,2016,398,1361,2572,1602,1
2020-01-02 10:06:09,3.4,210.000,71400.000,3.41,3.42,3.43,3.44,3.45,414,2118,299,323,527,3.4,3.39,3.38,3.37,3.36,1806,363,1421,2469,1602,0
2020-01-02 10:06:18,3.41,5.000,1705.000,3.41,3.42,3.43,3.44,3.45,409,2118,299,323,527,3.4,3.39,3.38,3.37,3.36,1806,363,1421,2469,1602,1
2020-01-02 10:07:18,3.41,244.000,83204.000,3.41,3.42,3.43,3.44,3.45,365,2129,229,323,529,3.4,3.39,3.38,3.37,3.36,1850,378,1424,2332,1612,1
2020-01-02 10:09:15,3.4,1850.000,629000.000,3.41,3.42,3.43,3.44,3.45,558,2129,231,323,599,3.39,3.38,3.37,3.36,3.35,368,1424,2282,1612,950,0
2020-01-02 10:09:21,3.41,500.000,170500.000,3.41,3.42,3.43,3.44,3.45,58,2129,231,323,599,3.4,3.39,3.38,3.37,3.36,5,368,1424,2282,1612,1
2020-01-02 10:09:45,3.41,80.000,27280.000,3.42,3.43,3.44,3.45,3.46,2135,231,323,599,443,3.41,3.4,3.39,3.38,3.37,420,5,368,1434,2282,1
2020-01-02 10:09:51,3.41,300.000,102300.000,3.42,3.43,3.44,3.45,3.46,2135,231,323,599,443,3.41,3.4,3.39,3.38,3.37,120,5,368,1209,2282,0
2020-01-02 10:09:57,3.41,2.000,682.000,3.42,3.43,3.44,3.45,3.46,2135,231,323,599,443,3.41,3.4,3.39,3.38,3.37,118,55,368,1209,2282,0
2020-01-02 10:10:30,3.41,12.000,4092.000,3.42,3.43,3.44,3.45,3.46,2135,231,296,600,443,3.41,3.4,3.39,3.38,3.37,106,55,518,1209,2282,0
2020-01-02 10:10:36,3.41,106.000,36146.000,3.41,3.42,3.43,3.44,3.45,97,2135,231,296,600,3.4,3.39,3.38,3.37,3.36,55,518,1209,2282,1612,0
2020-01-02 10:11:57,3.41,500.000,170500.000,3.41,3.42,3.43,3.44,3.45,167,2135,231,245,600,3.4,3.39,3.38,3.37,3.36,155,518,1191,2282,1612,1
2020-01-02 10:12:22,3.41,10.000,3410.000,3.41,3.42,3.43,3.44,3.45,157,2135,231,245,600,3.4,3.39,3.38,3.37,3.36,155,918,1191,2282,1637,1
2020-01-02 10:12:24,3.41,157.000,53537.000,3.42,3.43,3.44,3.45,3.46,2135,231,245,600,453,3.41,3.4,3.39,3.38,3.37,143,155,918,1191,2282,1
2020-01-02 10:12:51,3.42,130.000,44460.000,3.42,3.43,3.44,3.45,3.46,2005,232,245,600,453,3.41,3.4,3.39,3.38,3.37,65,155,918,1191,2292,1
2020-01-02 10:14:18,3.42,1.000,342.000,3.42,3.43,3.44,3.45,3.46,2004,262,245,600,453,3.41,3.4,3.39,3.38,3.37,66,655,918,1191,2280,1
2020-01-02 10:14:57,3.4,721.000,245206.000,3.4,3.42,3.43,3.44,3.45,79,2004,262,245,600,3.39,3.38,3.37,3.36,3.35,618,1191,2280,1637,940,0
2020-01-02 10:16:09,3.39,368.000,124752.000,3.4,3.42,3.43,3.44,3.45,79,2004,262,255,600,3.39,3.38,3.37,3.36,3.35,250,1191,2280,1637,940,0
2020-01-02 10:16:18,3.39,2.000,678.000,3.4,3.42,3.43,3.44,3.45,79,2004,262,255,600,3.39,3.38,3.37,3.36,3.35,248,1191,2280,1637,940,0
2020-01-02 10:18:24,3.4,5.000,1700.000,3.4,3.41,3.42,3.43,3.44,374,240,2004,262,335,3.39,3.38,3.37,3.36,3.35,255,1306,2280,1687,940,1
2020-01-02 10:19:18,3.4,4.000,1360.000,3.4,3.41,3.42,3.43,3.44,370,460,2004,262,335,3.39,3.38,3.37,3.36,3.35,255,1316,2280,1687,940,1
2020-01-02 10:20:57,3.4,4.000,1360.000,3.4,3.41,3.42,3.43,3.44,146,460,2004,262,335,3.39,3.38,3.37,3.36,3.35,655,1306,2380,1637,940,1
2020-01-02 10:21:18,3.39,300.000,101700.000,3.4,3.41,3.42,3.43,3.44,146,460,2004,262,335,3.39,3.38,3.37,3.36,3.35,357,1306,2380,1637,940,0
2020-01-02 10:24:15,3.4,20.000,6800.000,3.4,3.41,3.42,3.43,3.44,163,510,2004,262,335,3.39,3.38,3.37,3.36,3.35,455,1456,2440,1635,940,1
2020-01-02 10:25:00,3.4,39.000,13260.000,3.4,3.41,3.42,3.43,3.44,124,510,2004,262,303,3.39,3.38,3.37,3.36,3.35,1455,1459,2440,1635,940,1
2020-01-02 10:25:09,3.4,26.000,8840.000,3.4,3.41,3.42,3.43,3.44,98,510,2050,262,303,3.39,3.38,3.37,3.36,3.35,1455,1459,2440,1635,940,1
2020-01-02 10:25:18,3.4,3.000,1020.000,3.4,3.41,3.42,3.43,3.44,95,510,2050,262,303,3.39,3.38,3.37,3.36,3.35,1455,1459,2440,1635,940,1
2020-01-02 10:25:21,3.4,29.000,9860.000,3.4,3.41,3.42,3.43,3.44,66,510,2050,262,303,3.39,3.38,3.37,3.36,3.35,1455,1459,2440,1635,940,1
2020-01-02 10:25:54,3.4,30.000,10200.000,3.4,3.41,3.42,3.43,3.44,36,510,2050,262,303,3.39,3.38,3.37,3.36,3.35,1455,1491,2260,1635,940,1
2020-01-02 10:26:12,3.4,25.000,8500.000,3.4,3.41,3.42,3.43,3.44,11,510,2050,262,303,3.39,3.38,3.37,3.36,3.35,1455,1491,2260,1635,940,1
2020-01-02 10:26:15,3.4,11.000,3740.000,3.41,3.42,3.43,3.44,3.45,510,2050,262,303,611,3.39,3.38,3.37,3.36,3.35,1455,1491,2260,1635,940,1
2020-01-02 10:27:30,3.4,3.000,1020.000,3.41,3.42,3.43,3.44,3.45,423,2050,262,303,611,3.4,3.39,3.38,3.37,3.36,127,1465,1491,2260,1635,1
2020-01-02 10:30:33,3.4,201.000,68340.000,3.41,3.42,3.43,3.44,3.45,417,2055,262,303,611,3.4,3.39,3.38,3.37,3.36,126,839,1494,2260,2467,0
2020-01-02 10:32:18,3.4,107.000,36380.000,3.4,3.41,3.42,3.43,3.44,177,467,2065,262,303,3.39,3.38,3.37,3.36,3.35,899,1494,2260,2467,940,0
2020-01-02 10:32:27,3.4,20.000,6800.000,3.4,3.41,3.42,3.43,3.44,157,467,2065,262,303,3.39,3.38,3.37,3.36,3.35,899,1494,2260,2467,940,1
2020-01-02 10:32:48,3.4,5.000,1700.000,3.4,3.41,3.42,3.43,3.44,152,467,2065,262,303,3.39,3.38,3.37,3.36,3.35,929,1494,2260,2467,940,1
2020-01-02 10:33:15,3.4,27.000,9180.000,3.4,3.41,3.42,3.43,3.44,125,467,2065,262,303,3.39,3.38,3.37,3.36,3.35,942,1494,2260,2467,940,1
2020-01-02 10:33:51,3.4,130.000,44200.000,3.41,3.42,3.43,3.44,3.45,467,2065,262,303,611,3.4,3.39,3.38,3.37,3.36,90,942,1494,2260,2497,1
2020-01-02 10:36:24,3.4,30.000,10200.000,3.41,3.42,3.43,3.44,3.45,677,2065,262,403,611,3.4,3.39,3.38,3.37,3.36,101,998,1499,2260,2497,0
2020-01-02 10:38:48,3.41,1.000,341.000,3.41,3.42,3.43,3.44,3.45,873,2065,262,403,611,3.4,3.39,3.38,3.37,3.36,276,1028,1499,2330,2489,1
2020-01-02 10:39:24,3.4,13.000,4420.000,3.41,3.42,3.43,3.44,3.45,873,2065,262,403,611,3.4,3.39,3.38,3.37,3.36,264,1028,1499,2330,2489,0
2020-01-02 10:39:36,3.4,5.000,1700.000,3.41,3.42,3.43,3.44,3.45,873,2065,262,403,611,3.4,3.39,3.38,3.37,3.36,259,1028,1499,2330,2489,0
2020-01-02 10:39:48,3.4,60.000,20400.000,3.41,3.42,3.43,3.44,3.45,873,2065,262,403,611,3.4,3.39,3.38,3.37,3.36,199,1028,1504,2330,2489,0
2020-01-02 10:40:30,3.4,8.000,2720.000,3.41,3.42,3.43,3.44,3.45,773,2065,262,403,611,3.4,3.39,3.38,3.37,3.36,193,1028,1505,2330,2459,0
2020-01-02 10:40:45,3.4,50.000,17000.000,3.41,3.42,3.43,3.44,3.45,773,2065,262,403,611,3.4,3.39,3.38,3.37,3.36,143,1028,1505,2330,2459,0
2020-01-02 10:41:51,3.4,1.000,340.000,3.41,3.42,3.43,3.44,3.45,773,2065,262,403,611,3.4,3.39,3.38,3.37,3.36,219,1030,1505,2330,2459,0
2020-01-02 10:41:54,3.4,15.000,5100.000,3.41,3.42,3.43,3.44,3.45,773,2065,262,403,611,3.4,3.39,3.38,3.37,3.36,204,1030,1505,2330,2459,0
2020-01-02 10:44:54,3.41,2.000,682.000,3.41,3.42,3.43,3.44,3.45,871,2065,262,403,906,3.4,3.39,3.38,3.37,3.36,792,2017,1523,2330,2459,1
2020-01-02 10:45:09,3.4,580.000,197200.000,3.41,3.42,3.43,3.44,3.45,871,2065,262,403,906,3.4,3.39,3.38,3.37,3.36,428,2017,1523,2330,2459,0
2020-01-02 10:46:03,3.41,100.000,34100.000,3.41,3.42,3.43,3.44,3.45,771,2088,262,403,1144,3.4,3.39,3.38,3.37,3.36,445,2043,1523,2330,2459,1
2020-01-02 10:46:15,3.41,500.000,170500.000,3.41,3.42,3.43,3.44,3.45,271,2088,262,403,1144,3.4,3.39,3.38,3.37,3.36,449,2043,1523,2330,2459,1
2020-01-02 10:46:36,3.41,20.000,6820.000,3.41,3.42,3.43,3.44,3.45,251,2088,262,403,1144,3.4,3.39,3.38,3.37,3.36,504,2043,1523,2330,2459,1
2020-01-02 10:47:06,3.41,2.000,682.000,3.41,3.42,3.43,3.44,3.45,259,2088,262,403,1144,3.4,3.39,3.38,3.37,3.36,504,2043,1523,2330,2459,1
2020-01-02 10:48:24,3.4,47.000,15980.000,3.41,3.42,3.43,3.44,3.45,432,2088,262,403,1144,3.4,3.39,3.38,3.37,3.36,1136,2043,1523,2330,2459,0
2020-01-02 10:48:57,3.4,1099.000,373660.000,3.4,3.41,3.42,3.43,3.44,101,432,2088,262,403,3.39,3.38,3.37,3.36,3.35,2043,1523,2330,2459,848,0
2020-01-02 10:49:00,3.4,29.000,9860.000,3.4,3.41,3.42,3.43,3.44,72,432,2088,262,403,3.39,3.38,3.37,3.36,3.35,2043,1523,2330,2459,848,1
2020-01-02 10:50:54,3.4,10.000,3400.000,3.4,3.41,3.42,3.43,3.44,62,482,2096,544,403,3.39,3.38,3.37,3.36,3.35,1043,1702,2330,2459,848,1
2020-01-02 10:51:16,3.4,1.000,340.000,3.4,3.41,3.42,3.43,3.44,61,482,2096,544,403,3.39,3.38,3.37,3.36,3.35,1043,1702,2330,2459,848,1
2020-01-02 10:51:22,3.39,3.000,1017.000,3.4,3.41,3.42,3.43,3.44,61,482,2096,544,403,3.39,3.38,3.37,3.36,3.35,1040,1702,2330,2459,848,0
2020-01-02 10:51:46,3.4,61.000,20740.000,3.41,3.42,3.43,3.44,3.45,482,2146,544,403,1248,3.4,3.39,3.38,3.37,3.36,313,1040,1702,2330,2459,1
2020-01-02 10:54:12,3.41,1.000,341.000,3.41,3.42,3.43,3.44,3.45,755,2148,544,403,1248,3.4,3.39,3.38,3.37,3.36,324,1740,2128,2330,2464,1
2020-01-02 10:54:15,3.4,20.000,6800.000,3.41,3.42,3.43,3.44,3.45,755,2148,544,403,1248,3.4,3.39,3.38,3.37,3.36,304,1740,2128,2330,2464,0
2020-01-02 10:54:48,3.41,1.000,341.000,3.41,3.42,3.43,3.44,3.45,854,2148,544,403,1248,3.4,3.39,3.38,3.37,3.36,304,1740,1928,2330,2464,1
2020-01-02 10:57:24,3.4,107.000,36380.000,3.41,3.42,3.43,3.44,3.45,854,2148,544,403,1248,3.4,3.39,3.38,3.37,3.36,224,2077,1585,2330,2494,0
2020-01-02 10:58:54,3.4,43.000,14620.000,3.41,3.42,3.43,3.44,3.45,854,2148,644,433,1254,3.4,3.39,3.38,3.37,3.36,231,2245,1585,2330,2494,0
2020-01-02 10:59:03,3.4,70.000,23800.000,3.41,3.42,3.43,3.44,3.45,854,2148,644,433,1254,3.4,3.39,3.38,3.37,3.36,161,2245,1585,2330,2494,0
2020-01-02 11:02:24,3.4,10.000,3400.000,3.41,3.42,3.43,3.44,3.45,854,2108,644,433,1254,3.4,3.39,3.38,3.37,3.36,1461,2395,1572,2330,2494,0
2020-01-02 11:05:33,3.4,1.000,340.000,3.41,3.42,3.43,3.44,3.45,959,2114,644,433,1254,3.4,3.39,3.38,3.37,3.36,1512,2430,1577,2340,2494,0
2020-01-02 11:05:45,3.4,87.000,29580.000,3.41,3.42,3.43,3.44,3.45,959,2114,644,433,1254,3.4,3.39,3.38,3.37,3.36,1425,2430,1577,2340,2494,0
2020-01-02 11:05:48,3.4,1.000,340.000,3.41,3.42,3.43,3.44,3.45,959,2114,644,433,1254,3.4,3.39,3.38,3.37,3.36,1424,2430,1577,2340,2494,0
2020-01-02 11:06:24,3.4,1424.000,484160.000,3.4,3.41,3.42,3.43,3.44,76,969,2114,644,433,3.39,3.38,3.37,3.36,3.35,2430,1577,2340,2494,848,0
2020-01-02 11:07:24,3.4,3.000,1020.000,3.4,3.41,3.42,3.43,3.44,73,969,2114,644,433,3.39,3.38,3.37,3.36,3.35,2430,1577,2340,2494,848,1
2020-01-02 11:07:33,3.4,21.000,7140.000,3.4,3.41,3.42,3.43,3.44,117,969,2114,644,433,3.39,3.38,3.37,3.36,3.35,2430,1577,2340,2494,848,1
2020-01-02 11:07:45,3.4,117.000,39780.000,3.41,3.42,3.43,3.44,3.45,904,2114,644,433,1254,3.4,3.39,3.38,3.37,3.36,59,2430,1577,2340,2494,1
2020-01-02 11:11:27,3.41,48.000,16368.000,3.41,3.42,3.43,3.44,3.45,875,2145,644,433,1254,3.4,3.39,3.38,3.37,3.36,196,2420,1577,2340,2496,1
2020-01-02 11:15:55,3.41,300.000,102300.000,3.41,3.42,3.43,3.44,3.45,775,2142,608,433,1254,3.4,3.39,3.38,3.37,3.36,1232,2420,1577,2340,2496,1
2020-01-02 11:16:03,3.41,300.000,102300.000,3.41,3.42,3.43,3.44,3.45,475,2142,608,433,1254,3.4,3.39,3.38,3.37,3.36,1232,2420,1577,2340,2496,1
2020-01-02 11:16:57,3.41,99.000,33759.000,3.41,3.42,3.43,3.44,3.45,315,2142,608,433,1254,3.4,3.39,3.38,3.37,3.36,1408,2420,1578,2340,2496,1
2020-01-02 11:17:33,3.4,3.000,1020.000,3.41,3.42,3.43,3.44,3.45,215,2142,608,433,1254,3.4,3.39,3.38,3.37,3.36,1405,2428,1578,2340,2496,0
2020-01-02 11:18:06,3.4,1405.000,477700.000,3.4,3.41,3.42,3.43,3.44,95,215,2142,608,433,3.39,3.38,3.37,3.36,3.35,2428,1652,2340,2496,848,0
2020-01-02 11:18:16,3.4,39.000,13260.000,3.4,3.41,3.42,3.43,3.44,56,215,2142,608,433,3.39,3.38,3.37,3.36,3.35,2488,1652,2340,2496,848,1
2020-01-02 11:18:21,3.4,40.000,13600.000,3.4,3.41,3.42,3.43,3.44,16,215,2142,608,433,3.39,3.38,3.37,3.36,3.35,2488,1652,2340,2496,848,1
2020-01-02 11:18:27,3.4,7.000,2380.000,3.4,3.41,3.42,3.43,3.44,9,215,2142,608,433,3.39,3.38,3.37,3.36,3.35,2488,1652,2340,2496,848,1
2020-01-02 11:18:42,3.4,9.000,3060.000,3.41,3.42,3.43,3.44,3.45,215,2142,608,433,1254,3.4,3.39,3.38,3.37,3.36,1,2488,1652,2340,2496,1
2020-01-02 11:20:09,3.4,125.000,42500.000,3.41,3.42,3.43,3.44,3.45,259,2142,608,433,1254,3.4,3.39,3.38,3.37,3.36,421,2493,1652,2340,2496,0
2020-01-02 11:20:18,3.41,14.000,4774.000,3.41,3.42,3.43,3.44,3.45,245,2142,608,433,1254,3.4,3.39,3.38,3.37,3.36,421,2493,1652,2340,2496,1
2020-01-02 11:25:39,3.41,60.000,20460.000,3.41,3.42,3.43,3.44,3.45,291,2096,678,433,1304,3.4,3.39,3.38,3.37,3.36,185,2503,1652,2340,2496,1
2020-01-02 11:26:40,3.4,16.000,5440.000,3.41,3.42,3.43,3.44,3.45,291,2096,678,433,1304,3.4,3.39,3.38,3.37,3.36,154,2503,1652,2340,2496,0
2020-01-02 13:00:03,3.41,120.000,40910.000,3.41,3.42,3.43,3.44,3.45,181,2119,678,541,1304,3.4,3.39,3.38,3.37,3.36,1058,2683,1706,2340,2496,1
2020-01-02 13:00:06,3.4,656.000,223004.000,3.41,3.42,3.43,3.44,3.45,81,2119,708,541,1304,3.4,3.39,3.38,3.37,3.36,502,2683,1716,2340,2496,0
2020-01-02 13:00:09,3.41,5.000,1705.000,3.41,3.42,3.43,3.44,3.45,76,2119,708,541,1304,3.4,3.39,3.38,3.37,3.36,502,2683,1716,2340,2496,1
2020-01-02 13:00:18,3.41,24.000,8184.000,3.41,3.42,3.43,3.44,3.45,52,2119,708,541,1314,3.4,3.39,3.38,3.37,3.36,502,2683,1716,2340,2496,1
2020-01-02 13:02:21,3.4,3.000,1020.000,3.41,3.42,3.43,3.44,3.45,52,2119,708,537,1314,3.4,3.39,3.38,3.37,3.36,1313,2901,1716,2340,2496,0
2020-01-02 13:02:27,3.41,52.000,17736.000,3.42,3.43,3.44,3.45,3.46,2123,708,537,1314,400,3.41,3.4,3.39,3.38,3.37,19,1313,2901,1716,2353,1
2020-01-02 13:04:39,3.41,4.000,1364.000,3.42,3.43,3.44,3.45,3.46,2119,708,537,1314,400,3.41,3.4,3.39,3.38,3.37,34,1358,2901,1716,2353,0
2020-01-02 13:04:51,3.41,35.000,11931.000,3.41,3.42,3.43,3.44,3.45,62,2119,708,537,1314,3.4,3.39,3.38,3.37,3.36,1358,2901,1716,2353,2496,0
2020-01-02 13:05:00,3.41,62.000,21146.000,3.42,3.43,3.44,3.45,3.46,2119,708,537,1314,400,3.41,3.4,3.39,3.38,3.37,123,1358,2901,1716,2353,1
2020-01-02 13:05:30,3.41,40.000,13640.000,3.42,3.43,3.44,3.45,3.46,2119,708,537,1314,400,3.41,3.4,3.39,3.38,3.37,173,1358,2901,1716,2353,0
2020-01-02 13:08:12,3.41,63.000,21483.000,3.42,3.43,3.44,3.45,3.46,2122,708,537,1314,400,3.41,3.4,3.39,3.38,3.37,876,1394,2998,1716,2353,0
2020-01-02 13:08:42,3.41,182.000,62062.000,3.42,3.43,3.44,3.45,3.46,2122,708,537,1314,400,3.41,3.4,3.39,3.38,3.37,704,1682,2998,1716,2353,0
2020-01-02 13:08:48,3.41,63.000,21483.000,3.42,3.43,3.44,3.45,3.46,2122,708,537,1314,400,3.41,3.4,3.39,3.38,3.37,641,1682,2998,1716,2353,0
2020-01-02 13:10:24,3.42,7.000,2394.000,3.42,3.43,3.44,3.45,3.46,2125,708,537,1314,400,3.41,3.4,3.39,3.38,3.37,641,1682,2998,1716,2453,1
2020-01-02 13:13:12,3.41,10.000,3410.000,3.42,3.43,3.44,3.45,3.46,6916,4148,546,1319,400,3.41,3.4,3.39,3.38,3.37,731,1676,2998,1716,2440,0
2020-01-02 13:13:45,3.41,314.000,107074.000,3.42,3.43,3.44,3.45,3.46,6916,4148,546,1369,400,3.41,3.4,3.39,3.38,3.37,417,1676,3098,1804,2351,0
2020-01-02 13:14:48,3.41,718.000,244834.000,3.41,3.42,3.43,3.44,3.45,766,5432,4148,537,1369,3.4,3.39,3.38,3.37,3.36,1640,3098,1804,2351,2496,0
2020-01-02 13:16:39,3.4,12.000,4080.000,3.41,3.42,3.43,3.44,3.45,821,5432,4148,537,1369,3.4,3.39,3.38,3.37,3.36,1628,3098,1854,2372,2496,0
2020-01-02 13:18:12,3.4,6.000,2040.000,3.41,3.42,3.43,3.44,3.45,821,5432,4148,537,1369,3.4,3.39,3.38,3.37,3.36,2223,3010,1854,2351,2496,0
2020-01-02 13:18:30,3.4,30.000,10200.000,3.41,3.42,3.43,3.44,3.45,821,5432,4148,537,1369,3.4,3.39,3.38,3.37,3.36,2202,3010,1854,2351,2496,0
2020-01-02 13:20:04,3.41,221.000,75361.000,3.41,3.42,3.43,3.44,3.45,605,5432,4148,537,1369,3.4,3.39,3.38,3.37,3.36,2147,3010,1952,2351,2496,1
2020-01-02 13:21:03,3.41,122.000,41602.000,3.41,3.42,3.43,3.44,3.45,486,5432,4145,537,1369,3.4,3.39,3.38,3.37,3.36,2156,3001,1952,2351,2496,1
2020-01-02 13:21:42,3.41,111.000,37851.000,3.41,3.42,3.43,3.44,3.45,375,5432,4145,537,1369,3.4,3.39,3.38,3.37,3.36,2256,3001,1954,2351,2496,1
2020-01-02 13:21:51,3.41,42.000,14322.000,3.41,3.42,3.43,3.44,3.45,333,5432,4145,537,1369,3.4,3.39,3.38,3.37,3.36,2353,2833,1954,2351,2496,1
2020-01-02 13:22:51,3.4,17.000,5780.000,3.41,3.42,3.43,3.44,3.45,413,5432,4145,537,1369,3.4,3.39,3.38,3.37,3.36,2294,2833,1954,2351,2496,0
2020-01-02 13:23:36,3.41,3.000,1023.000,3.41,3.42,3.43,3.44,3.45,410,5432,4145,537,1369,3.4,3.39,3.38,3.37,3.36,2294,2833,1930,2351,2496,1
2020-01-02 13:31:03,3.4,18.000,6195.000,3.41,3.42,3.43,3.44,3.45,610,5668,4145,537,1409,3.4,3.39,3.38,3.37,3.36,2213,2770,1829,1751,2496,0
2020-01-02 13:32:48,3.4,10.000,3400.000,3.41,3.42,3.43,3.44,3.45,640,5698,4145,537,1409,3.4,3.39,3.38,3.37,3.36,2215,2770,1829,1751,2496,0
2020-01-02 13:36:03,3.4,88.000,29920.000,3.41,3.42,3.43,3.44,3.45,660,5668,4145,437,1409,3.4,3.39,3.38,3.37,3.36,2122,2740,1862,1731,2496,0
2020-01-02 13:36:12,3.41,2.000,682.000,3.41,3.42,3.43,3.44,3.45,658,5668,4145,437,1409,3.4,3.39,3.38,3.37,3.36,2122,2740,1862,1731,2496,1
2020-01-02 13:39:45,3.41,10.000,3410.000,3.41,3.42,3.43,3.44,3.45,548,5668,4145,537,1409,3.4,3.39,3.38,3.37,3.36,2310,2863,1852,1721,2496,1
2020-01-02 13:40:09,3.4,4.000,1360.000,3.41,3.42,3.43,3.44,3.45,548,5668,4145,537,1409,3.4,3.39,3.38,3.37,3.36,2306,2863,1852,1721,2496,0
2020-01-02 13:43:48,3.4,40.000,13600.000,3.41,3.42,3.43,3.44,3.45,572,5668,4145,437,1409,3.4,3.39,3.38,3.37,3.36,2433,2963,1852,1721,2507,0
2020-01-02 13:44:06,3.4,1.000,340.000,3.41,3.42,3.43,3.44,3.45,572,5668,4145,437,1409,3.4,3.39,3.38,3.37,3.36,2432,2963,1852,1721,2507,0
2020-01-02 13:44:24,3.41,30.000,10230.000,3.41,3.42,3.43,3.44,3.45,542,5668,4145,437,1409,3.4,3.39,3.38,3.37,3.36,2432,2963,1852,1721,2507,1
2020-01-02 13:50:16,3.41,155.000,52855.000,3.41,3.42,3.43,3.44,3.45,752,5668,4145,437,1409,3.4,3.39,3.38,3.37,3.36,2563,2963,1852,1721,1507,1
2020-01-02 13:50:21,3.41,9.000,3069.000,3.41,3.42,3.43,3.44,3.45,743,5668,4145,437,1409,3.4,3.39,3.38,3.37,3.36,2563,2963,1852,1721,1507,1
2020-01-02 13:51:09,3.41,8.000,2728.000,3.41,3.42,3.43,3.44,3.45,705,5668,4145,437,1409,3.4,3.39,3.38,3.37,3.36,2563,2963,1852,1721,1507,1
2020-01-02 13:51:21,3.4,33.000,11220.000,3.41,3.42,3.43,3.44,3.45,705,5668,4145,437,1409,3.4,3.39,3.38,3.37,3.36,2530,2963,1852,1721,1507,0
2020-01-02 13:51:24,3.41,50.000,17050.000,3.41,3.42,3.43,3.44,3.45,655,5668,4145,437,1409,3.4,3.39,3.38,3.37,3.36,2530,2963,1852,1721,1507,1
2020-01-02 13:52:18,3.41,27.000,9196.000,3.41,3.42,3.43,3.44,3.45,639,5668,4145,437,1339,3.4,3.39,3.38,3.37,3.36,2534,2963,1852,1721,1507,1
2020-01-02 13:52:27,3.41,17.000,5797.000,3.41,3.42,3.43,3.44,3.45,622,5668,4215,437,1339,3.4,3.39,3.38,3.37,3.36,3534,2963,1852,1721,1507,1
2020-01-02 13:53:48,3.41,340.000,115940.000,3.41,3.42,3.43,3.44,3.45,282,5668,4215,437,1339,3.4,3.39,3.38,3.37,3.36,4519,2963,1852,1721,1507,1
2020-01-02 13:53:54,3.41,25.000,8525.000,3.41,3.42,3.43,3.44,3.45,257,5678,4215,437,1339,3.4,3.39,3.38,3.37,3.36,4519,2963,1852,1721,1507,1
2020-01-02 13:54:00,3.41,150.000,51150.000,3.41,3.42,3.43,3.44,3.45,107,5678,4215,437,1339,3.4,3.39,3.38,3.37,3.36,4519,2963,1852,1721,1507,1
2020-01-02 13:54:12,3.4,30.000,10200.000,3.41,3.42,3.43,3.44,3.45,107,5678,4215,437,1339,3.4,3.39,3.38,3.37,3.36,4489,2963,1852,1721,1507,0
2020-01-02 13:55:12,3.41,107.000,36491.000,3.42,3.43,3.44,3.45,3.46,5678,4215,437,1339,400,3.41,3.4,3.39,3.38,3.37,92,4381,3134,1852,1721,1
2020-01-02 13:55:33,3.41,2.000,682.000,3.42,3.43,3.44,3.45,3.46,5678,4215,437,1339,400,3.41,3.4,3.39,3.38,3.37,100,4381,2982,1852,1721,0
2020-01-02 13:55:51,3.42,1.000,342.000,3.42,3.43,3.44,3.45,3.46,5677,4215,437,1339,400,3.41,3.4,3.39,3.38,3.37,100,4930,2982,1852,1721,1
2020-01-02 13:56:09,3.41,20.000,6820.000,3.42,3.43,3.44,3.45,3.46,5677,4215,437,1339,400,3.41,3.4,3.39,3.38,3.37,656,4930,2987,1852,1721,0
2020-01-02 13:57:36,3.42,1.000,342.000,3.42,3.43,3.44,3.45,3.46,5906,4215,437,1339,400,3.41,3.4,3.39,3.38,3.37,735,4381,2987,1852,1721,1
2020-01-02 13:59:57,3.41,379.000,129422.000,3.42,3.43,3.44,3.45,3.46,5571,4215,437,1339,400,3.41,3.4,3.39,3.38,3.37,806,5335,2927,1852,1721,0
2020-01-02 14:00:00,3.41,10.000,3410.000,3.42,3.43,3.44,3.45,3.46,5571,4215,437,1339,400,3.41,3.4,3.39,3.38,3.37,796,5335,2927,1852,1721,0
2020-01-02 14:01:36,3.41,80.000,27280.000,3.42,3.43,3.44,3.45,3.46,5812,4215,437,1339,400,3.41,3.4,3.39,3.38,3.37,929,5390,2927,1852,1721,0
2020-01-02 14:02:54,3.41,3.000,1023.000,3.42,3.43,3.44,3.45,3.46,5809,4215,437,1339,400,3.41,3.4,3.39,3.38,3.37,1012,5390,2919,1852,1721,0
2020-01-02 14:04:45,3.41,100.000,34100.000,3.42,3.43,3.44,3.45,3.46,5731,4215,894,1340,470,3.41,3.4,3.39,3.38,3.37,878,5390,2819,1852,1621,0
2020-01-02 14:04:51,3.41,138.000,47058.000,3.42,3.43,3.44,3.45,3.46,5731,4215,894,1340,470,3.41,3.4,3.39,3.38,3.37,740,5390,2819,1752,1621,0
2020-01-02 14:06:28,3.41,1.000,341.000,3.42,3.43,3.44,3.45,3.46,5731,4215,894,1283,470,3.41,3.4,3.39,3.38,3.37,739,5390,2819,1752,1621,0
2020-01-02 14:08:33,3.41,80.000,27280.000,3.42,3.43,3.44,3.45,3.46,5788,4215,894,1283,470,3.41,3.4,3.39,3.38,3.37,799,5406,2819,1390,1621,0
2020-01-02 14:12:09,3.41,10.000,3410.000,3.42,3.43,3.44,3.45,3.46,5758,4215,914,1283,370,3.41,3.4,3.39,3.38,3.37,853,6006,2819,1390,1575,0
2020-01-02 14:12:45,3.41,59.000,20119.000,3.42,3.43,3.44,3.45,3.46,5758,4215,914,1283,370,3.41,3.4,3.39,3.38,3.37,794,6006,2819,1390,1575,0
2020-01-02 14:13:15,3.41,4.000,1364.000,3.42,3.43,3.44,3.45,3.46,5758,4215,914,1850,370,3.41,3.4,3.39,3.38,3.37,790,6006,2789,1390,1575,0
2020-01-02 14:15:22,3.41,40.000,13640.000,3.42,3.43,3.44,3.45,3.46,5766,4215,914,1810,370,3.41,3.4,3.39,3.38,3.37,750,6006,2789,1390,1575,0
2020-01-02 14:15:34,3.41,5.000,1705.000,3.42,3.43,3.44,3.45,3.46,5766,4215,914,1810,370,3.41,3.4,3.39,3.38,3.37,745,6006,2789,1390,1575,0
2020-01-02 14:15:52,3.41,1.000,341.000,3.42,3.43,3.44,3.45,3.46,5766,4215,914,1810,370,3.41,3.4,3.39,3.38,3.37,744,6006,2789,1390,1575,0
2020-01-02 14:15:57,3.41,40.000,13640.000,3.42,3.43,3.44,3.45,3.46,5766,4215,914,1810,370,3.41,3.4,3.39,3.38,3.37,704,6006,2789,1390,1575,0
2020-01-02 14:16:15,3.41,1.000,341.000,3.42,3.43,3.44,3.45,3.46,5536,4215,914,1810,370,3.41,3.4,3.39,3.38,3.37,703,6006,2789,1390,1575,0
2020-01-02 14:16:19,3.42,20.000,6840.000,3.42,3.43,3.44,3.45,3.46,5516,4215,914,1810,370,3.41,3.4,3.39,3.38,3.37,703,6006,2789,1390,1575,1
2020-01-02 14:16:24,3.42,2.000,684.000,3.42,3.43,3.44,3.45,3.46,5514,4215,914,1810,370,3.41,3.4,3.39,3.38,3.37,697,6006,2789,1390,1575,1
2020-01-02 14:16:31,3.42,10.000,3420.000,3.42,3.43,3.44,3.45,3.46,5504,4215,914,1810,370,3.41,3.4,3.39,3.38,3.37,697,6006,2789,1390,1575,1
2020-01-02 14:16:33,3.41,13.000,4433.000,3.42,3.43,3.44,3.45,3.46,5504,4215,914,1810,370,3.41,3.4,3.39,3.38,3.37,684,6006,2789,1390,1575,0
2020-01-02 14:16:54,3.41,180.000,61380.000,3.42,3.43,3.44,3.45,3.46,5504,4215,914,1810,370,3.41,3.4,3.39,3.38,3.37,504,6009,2789,1390,1575,0
2020-01-02 14:16:57,3.41,80.000,27280.000,3.42,3.43,3.44,3.45,3.46,5504,4215,914,1810,370,3.41,3.4,3.39,3.38,3.37,424,6009,2789,1390,1575,0
2020-01-02 14:17:24,3.41,50.000,17050.000,3.42,3.43,3.44,3.45,3.46,5504,4215,914,1810,370,3.41,3.4,3.39,3.38,3.37,314,6015,2789,1390,1575,0
2020-01-02 14:17:34,3.41,230.000,78430.000,3.42,3.43,3.44,3.45,3.46,5504,4215,914,1810,370,3.41,3.4,3.39,3.38,3.37,84,6015,2789,1390,1575,0
2020-01-02 14:17:40,3.41,14.000,4774.000,3.42,3.43,3.44,3.45,3.46,5504,4215,914,1810,370,3.41,3.4,3.39,3.38,3.37,70,6015,2789,1390,1575,0
2020-01-02 14:17:54,3.41,100.000,34100.000,3.42,3.43,3.44,3.45,3.46,5504,4215,914,1810,370,3.41,3.4,3.39,3.38,3.37,90,6015,2789,1390,1575,0
2020-01-02 14:18:00,3.41,91.000,31027.000,3.41,3.42,3.43,3.44,3.45,55,5504,4215,914,1810,3.4,3.39,3.38,3.37,3.36,6015,2789,1390,1575,1522,0
2020-01-02 14:18:06,3.41,55.000,18755.000,3.41,3.42,3.43,3.44,3.45,0,5504,4215,914,1810,3.4,3.39,3.38,3.37,3.36,6015,2789,1390,1575,1522,1
2020-01-02 14:20:06,3.41,3.000,1023.000,3.42,3.43,3.44,3.45,3.46,5504,4215,914,1810,370,3.41,3.4,3.39,3.38,3.37,25,6015,2789,1390,1575,0
2020-01-02 14:20:36,3.41,66.000,22502.000,3.41,3.42,3.43,3.44,3.45,34,5504,4215,914,1810,3.4,3.39,3.38,3.37,3.36,6020,2789,1390,1575,1522,0
2020-01-02 14:20:42,3.41,32.000,10912.000,3.41,3.42,3.43,3.44,3.45,2,5504,4215,914,1810,3.4,3.39,3.38,3.37,3.36,6020,2789,1390,1575,1522,1
2020-01-02 14:20:51,3.41,2.000,682.000,3.41,3.42,3.43,3.44,3.45,0,5504,4215,914,1810,3.4,3.39,3.38,3.37,3.36,6020,2789,1390,1575,1522,1
2020-01-02 14:22:00,3.41,10.000,3406.000,3.41,3.42,3.43,3.44,3.45,80,5504,4215,914,1810,3.4,3.39,3.38,3.37,3.36,6060,2909,1390,1575,1522,0
2020-01-02 14:22:07,3.41,51.000,17391.000,3.41,3.42,3.43,3.44,3.45,29,5504,4215,914,1810,3.4,3.39,3.38,3.37,3.36,6060,2909,1390,1575,1522,1
2020-01-02 14:22:30,3.41,4.000,1364.000,3.41,3.42,3.43,3.44,3.45,25,5504,4215,914,1810,3.4,3.39,3.38,3.37,3.36,6060,2909,1390,1575,1522,1
2020-01-02 14:22:42,3.41,11.000,3751.000,3.41,3.42,3.43,3.44,3.45,14,5504,4215,914,1810,3.4,3.39,3.38,3.37,3.36,6120,2909,1390,1575,1522,1
2020-01-02 14:22:48,3.41,14.000,4774.000,3.41,3.42,3.43,3.44,3.45,0,5504,4215,914,1810,3.4,3.39,3.38,3.37,3.36,6120,2909,1390,1575,1522,1
2020-01-02 14:25:42,3.41,5.000,1705.000,3.42,3.43,3.44,3.45,3.46,5664,4215,914,1810,370,3.41,3.4,3.39,3.38,3.37,611,6057,2909,1390,1575,0
2020-01-02 14:26:12,3.41,63.000,21483.000,3.42,3.43,3.44,3.45,3.46,5664,4215,914,1810,370,3.41,3.4,3.39,3.38,3.37,581,6057,2909,1390,1575,0
2020-01-02 14:26:33,3.41,20.000,6820.000,3.42,3.43,3.44,3.45,3.46,5664,4215,914,1810,370,3.41,3.4,3.39,3.38,3.37,561,6057,2909,1390,1575,0
2020-01-02 14:32:03,3.42,1539.000,526338.000,3.42,3.43,3.44,3.45,3.46,4185,4215,914,1850,370,3.41,3.4,3.39,3.38,3.37,1192,5792,2542,1390,1575,1
2020-01-02 14:32:18,3.42,5.000,1710.000,3.42,3.43,3.44,3.45,3.46,4180,4215,914,1850,370,3.41,3.4,3.39,3.38,3.37,1192,5792,2542,1390,1575,1
2020-01-02 14:32:36,3.42,480.000,164160.000,3.42,3.43,3.44,3.45,3.46,3700,4215,914,1850,370,3.41,3.4,3.39,3.38,3.37,1218,5792,2542,1390,1575,1
2020-01-02 14:32:54,3.42,50.000,17100.000,3.42,3.43,3.44,3.45,3.46,3650,4215,914,1850,370,3.41,3.4,3.39,3.38,3.37,1218,5350,2542,1390,1560,1
2020-01-02 14:33:34,3.42,263.000,89946.000,3.42,3.43,3.44,3.45,3.46,3387,4215,914,1850,370,3.41,3.4,3.39,3.38,3.37,1260,5268,2542,1390,1560,1
2020-01-02 14:33:40,3.42,2.000,684.000,3.42,3.43,3.44,3.45,3.46,3385,4215,914,1850,370,3.41,3.4,3.39,3.38,3.37,1260,5268,2542,1390,1560,1
2020-01-02 14:34:48,3.42,26.000,8892.000,3.42,3.43,3.44,3.45,3.46,3373,4215,910,1850,370,3.41,3.4,3.39,3.38,3.37,1228,5268,2542,1340,1560,1
2020-01-02 14:35:27,3.42,83.000,28386.000,3.42,3.43,3.44,3.45,3.46,3290,4215,910,1673,370,3.41,3.4,3.39,3.38,3.37,1278,5302,2542,1340,1560,1
2020-01-02 14:36:33,3.42,4.000,1368.000,3.42,3.43,3.44,3.45,3.46,3286,4215,910,1673,370,3.41,3.4,3.39,3.38,3.37,1337,5302,2542,1340,1490,1
2020-01-02 14:36:39,3.42,9.000,3078.000,3.42,3.43,3.44,3.45,3.46,3277,4215,910,1673,370,3.41,3.4,3.39,3.38,3.37,1337,5302,2542,1340,1490,1
2020-01-02 14:36:51,3.42,6.000,2052.000,3.42,3.43,3.44,3.45,3.46,3271,4215,910,1673,370,3.41,3.4,3.39,3.38,3.37,1183,5302,2542,1340,1490,1
2020-01-02 14:37:00,3.42,181.000,61902.000,3.42,3.43,3.44,3.45,3.46,3090,4215,910,1673,370,3.41,3.4,3.39,3.38,3.37,1183,5179,2542,1340,1490,1
2020-01-02 14:37:57,3.42,23.000,7866.000,3.42,3.43,3.44,3.45,3.46,3074,4215,910,1673,370,3.41,3.4,3.39,3.38,3.37,1664,5155,2542,1320,1490,1
2020-01-02 14:38:09,3.42,42.000,14364.000,3.42,3.43,3.44,3.45,3.46,3032,4215,910,1673,370,3.41,3.4,3.39,3.38,3.37,1664,5155,2542,1320,1490,1
2020-01-02 14:38:15,3.42,12.000,4104.000,3.42,3.43,3.44,3.45,3.46,3020,4215,910,1673,370,3.41,3.4,3.39,3.38,3.37,1664,5155,2542,1320,1490,1
2020-01-02 14:38:21,3.42,15.000,5130.000,3.42,3.43,3.44,3.45,3.46,3005,4215,910,1673,370,3.41,3.4,3.39,3.38,3.37,1664,5155,2542,1320,1490,1
2020-01-02 14:39:21,3.42,16.000,5472.000,3.42,3.43,3.44,3.45,3.46,3053,4215,910,1673,370,3.41,3.4,3.39,3.38,3.37,1648,5155,2542,1320,1190,1
2020-01-02 14:39:27,3.42,1.000,342.000,3.42,3.43,3.44,3.45,3.46,3045,4215,910,1673,370,3.41,3.4,3.39,3.38,3.37,1648,5155,2542,1320,1190,1
2020-01-02 14:40:45,3.42,2.000,684.000,3.42,3.43,3.44,3.45,3.46,3078,4215,910,1673,370,3.41,3.4,3.39,3.38,3.37,1678,5155,2542,1320,1190,1
2020-01-02 14:41:33,3.42,368.000,125856.000,3.42,3.43,3.44,3.45,3.46,2659,4215,910,1673,370,3.41,3.4,3.39,3.38,3.37,1678,5155,2542,1320,1190,1
2020-01-02 14:41:39,3.42,8.000,2736.000,3.42,3.43,3.44,3.45,3.46,2651,4215,910,1673,370,3.41,3.4,3.39,3.38,3.37,1678,5155,2542,1320,1190,1
2020-01-02 14:42:24,3.42,200.000,68400.000,3.42,3.43,3.44,3.45,3.46,2451,4215,910,1673,370,3.41,3.4,3.39,3.38,3.37,1679,5155,2542,1320,1190,1
2020-01-02 14:42:54,3.42,108.000,36936.000,3.42,3.43,3.44,3.45,3.46,2364,4215,910,1673,370,3.41,3.4,3.39,3.38,3.37,1679,5155,2542,1320,1190,1
2020-01-02 14:43:18,3.42,30.000,10260.000,3.42,3.43,3.44,3.45,3.46,2334,4215,910,1673,370,3.41,3.4,3.39,3.38,3.37,1679,5155,2532,1320,1190,1
2020-01-02 14:43:39,3.42,9.000,3078.000,3.42,3.43,3.44,3.45,3.46,2325,4215,910,1673,370,3.41,3.4,3.39,3.38,3.37,1709,5155,2532,1320,1190,1
2020-01-02 14:44:25,3.42,19.000,6498.000,3.42,3.43,3.44,3.45,3.46,2307,4215,910,1673,370,3.41,3.4,3.39,3.38,3.37,1963,5155,2532,1320,1190,1
2020-01-02 14:44:45,3.42,4.000,1368.000,3.42,3.43,3.44,3.45,3.46,2303,4215,910,1673,370,3.41,3.4,3.39,3.38,3.37,1963,5155,2532,1320,1190,1
2020-01-02 14:45:15,3.42,1.000,342.000,3.42,3.43,3.44,3.45,3.46,2302,4215,910,1673,370,3.41,3.4,3.39,3.38,3.37,2062,5155,2532,1320,1190,1
2020-01-02 14:46:21,3.42,316.000,107776.000,3.42,3.43,3.44,3.45,3.46,2282,4215,910,1673,370,3.41,3.4,3.39,3.38,3.37,1283,5155,2532,1320,1190,1
2020-01-02 14:47:45,3.41,10.000,3410.000,3.42,3.43,3.44,3.45,3.46,2292,4215,910,1673,370,3.41,3.4,3.39,3.38,3.37,1404,5155,2532,1320,1190,0
2020-01-02 14:47:51,3.41,1453.000,495469.000,3.41,3.42,3.43,3.44,3.45,221,2492,4215,910,1673,3.4,3.39,3.38,3.37,3.36,5155,2532,1320,1190,1422,0
2020-01-02 14:48:09,3.41,90.000,30690.000,3.41,3.42,3.43,3.44,3.45,131,2492,4215,910,1673,3.4,3.39,3.38,3.37,3.36,5155,2532,1320,1190,1422,1
2020-01-02 14:48:15,3.4,39.000,13260.000,3.41,3.42,3.43,3.44,3.45,131,2492,4215,910,1673,3.4,3.39,3.38,3.37,3.36,5116,2492,1320,1190,1422,0
2020-01-02 14:48:18,3.4,10.000,3400.000,3.41,3.42,3.43,3.44,3.45,131,2492,4215,910,1673,3.4,3.39,3.38,3.37,3.36,5106,2492,1320,1190,1422,0
2020-01-02 14:49:27,3.41,19.000,6479.000,3.41,3.42,3.43,3.44,3.45,137,2492,4215,910,1673,3.4,3.39,3.38,3.37,3.36,5159,2492,1320,1190,1422,1
2020-01-02 14:50:33,3.41,30.000,10230.000,3.41,3.42,3.43,3.44,3.45,107,2492,4215,910,1673,3.4,3.39,3.38,3.37,3.36,5207,2492,1320,1190,1422,1
2020-01-02 14:51:03,3.41,10.000,3410.000,3.41,3.42,3.43,3.44,3.45,97,2492,4215,910,1673,3.4,3.39,3.38,3.37,3.36,5207,2472,1320,1190,1422,1
2020-01-02 14:52:00,3.41,43.000,14663.000,3.41,3.42,3.43,3.44,3.45,54,2492,4215,910,1668,3.4,3.39,3.38,3.37,3.36,5307,2472,1270,1190,1422,1
2020-01-02 14:52:54,3.4,3440.000,1169600.000,3.41,3.42,3.43,3.44,3.45,54,2492,775,910,1668,3.4,3.39,3.38,3.37,3.36,1867,2372,1270,1190,1422,0
2020-01-02 14:52:57,3.41,49.000,16709.000,3.41,3.42,3.43,3.44,3.45,5,2492,775,910,1668,3.4,3.39,3.38,3.37,3.36,1867,2372,1270,1190,1422,1
2020-01-02 14:54:39,3.42,214.000,73023.000,3.41,3.42,3.43,3.44,3.45,5,2463,615,910,1668,3.4,3.39,3.38,3.37,3.36,2375,2372,1270,1190,1422,1
2020-01-02 14:54:42,3.41,5.000,1705.000,3.42,3.43,3.44,3.45,3.46,2463,615,910,1668,370,3.4,3.39,3.38,3.37,3.36,2375,2372,1270,1190,1422,0
2020-01-02 14:55:12,3.41,0.000,0.000,3.42,3.43,3.44,3.45,3.46,2441,615,910,1668,370,3.41,3.4,3.39,3.38,3.37,14,2375,2372,1238,1190,0
2020-01-02 14:55:21,3.41,14.000,4774.000,3.41,3.42,3.43,3.44,3.45,8,2441,615,910,1668,3.4,3.39,3.38,3.37,3.36,2375,2372,1238,1190,1422,0
2020-01-02 14:55:30,3.41,8.000,2728.000,3.42,3.43,3.44,3.45,3.46,2449,615,910,1668,370,3.41,3.4,3.39,3.38,3.37,22,2375,2372,1238,1190,1
2020-01-02 14:55:36,3.41,0.000,0.000,3.42,3.43,3.44,3.45,3.46,2449,615,910,1668,370,3.41,3.4,3.39,3.38,3.37,25,2375,2372,1238,1190,0
2020-01-02 14:55:51,3.41,0.000,0.000,3.42,3.43,3.44,3.45,3.46,2449,615,910,1668,370,3.41,3.4,3.39,3.38,3.37,25,2398,2372,1238,1190,0
2020-01-02 14:56:12,3.41,0.000,0.000,3.42,3.43,3.44,3.45,3.46,2299,615,910,1668,370,3.41,3.4,3.39,3.38,3.37,25,2398,2372,1238,1190,0
2020-01-02 14:56:21,3.41,0.000,0.000,3.42,3.43,3.44,3.45,3.46,2299,615,910,1668,370,3.41,3.4,3.39,3.38,3.37,65,2398,2372,1238,1190,0
2020-01-02 14:56:25,3.41,0.000,0.000,3.42,3.43,3.44,3.45,3.46,2290,615,910,1668,370,3.41,3.4,3.39,3.38,3.37,65,2398,2372,1238,1190,0
2020-01-02 14:56:27,3.41,0.000,0.000,3.42,3.43,3.44,3.45,3.46,2290,615,910,1668,370,3.41,3.4,3.39,3.38,3.37,65,1898,2372,1238,1190,0
2020-01-02 14:56:30,3.41,65.000,22165.000,3.41,3.42,3.43,3.44,3.45,85,2290,615,910,1668,3.4,3.39,3.38,3.37,3.36,1898,2372,1238,1190,1422,0
2020-01-02 14:56:33,3.41,0.000,0.000,3.41,3.42,3.43,3.44,3.45,85,2290,615,910,1668,3.4,3.39,3.38,3.37,3.36,1898,2372,1238,1190,1322,1
2020-01-02 14:56:36,3.41,0.000,0.000,3.41,3.42,3.43,3.44,3.45,85,2290,615,919,1668,3.4,3.39,3.38,3.37,3.36,2740,2372,1238,1190,1322,1
2020-01-02 14:56:39,3.41,12.000,4092.000,3.41,3.42,3.43,3.44,3.45,73,2290,615,919,1668,3.4,3.39,3.38,3.37,3.36,2740,2372,1238,1190,1322,1
2020-01-02 14:56:42,3.41,0.000,0.000,3.41,3.42,3.43,3.44,3.45,73,2290,615,919,1668,3.4,3.39,3.38,3.37,3.36,2740,2372,1238,1153,1322,1
2020-01-02 14:56:45,3.41,0.000,0.000,3.41,3.42,3.43,3.44,3.45,73,2790,615,919,1668,3.4,3.39,3.38,3.37,3.36,3140,2372,1238,1153,1322,1
2020-01-02 14:56:57,3.41,13.000,4433.000,3.41,3.42,3.43,3.44,3.45,60,2790,615,919,1659,3.4,3.39,3.38,3.37,3.36,3140,2372,1238,1153,1322,1
2020-01-02 14:57:00,3.41,0.000,0.000,0,0,0,0,0,0,0,0,0,0,0,0,0,0,0,0,0,0,0,0,1
2020-01-02 14:57:09,3.41,0.000,0.000,3.41,0,0,0,0,50,57,0,0,0,3.41,0,0,0,0,50,0,0,0,0,0
2020-01-02 14:57:27,3.41,0.000,0.000,3.41,0,0,0,0,107,0,0,0,0,3.41,0,0,0,0,107,43,0,0,0,1
2020-01-02 14:57:36,3.41,0.000,0.000,3.41,0,0,0,0,122,0,0,0,0,3.41,0,0,0,0,122,28,0,0,0,1
2020-01-02 14:57:46,3.41,0.000,0.000,3.41,0,0,0,0,150,12,0,0,0,3.41,0,0,0,0,150,0,0,0,0,1
2020-01-02 14:58:39,3.41,0.000,0.000,3.41,0,0,0,0,162,0,0,0,0,3.41,0,0,0,0,162,14,0,0,0,1
2020-01-02 15:00:03,3.41,162.000,55242.000,3.42,3.43,3.44,3.45,3.46,2799,615,919,1659,370,3.41,3.4,3.39,3.38,3.37,14,3388,2372,1238,1153,1
2020-01-02 15:00:06,3.41,0.000,0.000,3.42,3.43,3.44,3.45,3.46,2799,615,919,1659,370,3.41,3.4,3.39,3.38,3.37,14,3388,2372,1238,1153,0
